<?xml version="1.0"?>
<doc>
    <assembly>
        <name>lin</name>
    </assembly>
    <members>
        <member name="T:Losch.Installer.Behaviors.Behavior">
            <summary>
            A delegate representing an installation behavior.
            </summary>
            <param name="dataObjects">The data objects available during the call of the behavior.</param>
            <returns>An error code indicating wheter the operation was successful.</returns>
        </member>
        <member name="T:Losch.Installer.Behaviors.SerializedBehavior">
            <summary>
            Represents a behavior run at the opening or closing of an installer page.
            </summary>
        </member>
        <member name="P:Losch.Installer.Behaviors.SerializedBehavior.Name">
            <summary>
            The name of the behavior.
            </summary>
        </member>
        <member name="P:Losch.Installer.Behaviors.SerializedBehavior.RunRepeated">
            <summary>
            Specifies wheter the behavior should be run again when the installer navigates back to the page of the behavior.
            </summary>
        </member>
        <member name="P:Losch.Installer.Behaviors.SerializedBehavior.IsCritical">
            <summary>
            Specifies wheter the installer should stop if the behavior fails to execute correctly.
            </summary>
        </member>
        <member name="T:Losch.Installer.Behaviors.PreBehavior">
            <summary>
            Represents a behavior that is run when an installer page is loaded.
            </summary>
        </member>
        <member name="T:Losch.Installer.Behaviors.PostBehavior">
            <summary>
            Represents a behavior that is run after an installer page has been unloaded.
            </summary>
        </member>
        <member name="T:Losch.Installer.Behaviors.InstallationBehavior">
            <summary>
            An indexed behavior that is run during the installation process itself.
            </summary>
        </member>
        <member name="P:Losch.Installer.Behaviors.InstallationBehavior.Index">
            <summary>
            The index of the behavior determines the order of the installation behaviors run during the installation process.
            </summary>
        </member>
        <member name="P:Losch.Installer.Behaviors.InstallationBehavior.StatusReport">
            <summary>
            Determines the displayed percentage of the installation progress bar after the behavior has been ran.
            </summary>
        </member>
        <member name="T:Losch.Installer.LinFile.Case">
            <summary>
            Allows setting different installation steps based on a condition.
            </summary>
        </member>
        <member name="P:Losch.Installer.LinFile.Case.Object">
            <summary>
            The data object to compare.
            </summary>
        </member>
        <member name="P:Losch.Installer.LinFile.Case.Data">
            <summary>
            The data to compare the object with.
            </summary>
        </member>
        <member name="P:Losch.Installer.LinFile.Case.Pages">
            <summary>
            An array of pages that will be shown if the case is fulfilled.
            </summary>
        </member>
        <member name="T:Losch.Installer.LinFile.Else">
            <summary>
            The pages that will be shown if no case is fulfilled.
            </summary>
        </member>
        <member name="T:Losch.Installer.LinFile.DataObject">
            <summary>
            A data object that adds metadata to an installer.
            </summary>
        </member>
        <member name="P:Losch.Installer.LinFile.DataObject.Name">
            <summary>
            The name of the data object.
            </summary>
        </member>
        <member name="P:Losch.Installer.LinFile.DataObject.Value">
            <summary>
            The data held by the data object.
            </summary>
        </member>
        <member name="E:Losch.Installer.LinFile.DataObject.PropertyChanged">
            <summary>
            Occurs when a property value changes.
            </summary>
        </member>
        <member name="T:Losch.Installer.LinFile.DataObjectManifest">
            <summary>
            A manifest containing data objects to be used by an installer.
            </summary>
        </member>
        <member name="P:Losch.Installer.LinFile.DataObjectManifest.Objects">
            <summary>
            The objects used by the installer.
            </summary>
        </member>
        <member name="T:Losch.Installer.LinFile.InstallerManifest">
            <summary>
            The main manifest of a LIN installer file.
            </summary>
        </member>
        <member name="P:Losch.Installer.LinFile.InstallerManifest.FormatVersion">
            <summary>
            Specifies the version of the manifest.
            </summary>
        </member>
        <member name="P:Losch.Installer.LinFile.InstallerManifest.InstallerSource">
            <summary>
            The web location containing the files needed to update the package. 
            </summary>
        </member>
        <member name="P:Losch.Installer.LinFile.InstallerManifest.Package">
            <summary>
            The installer package information.
            </summary>
        </member>
        <member name="P:Losch.Installer.LinFile.InstallerManifest.Steps">
            <summary>
            The pages making up the installation process.
            </summary>
        </member>
        <member name="T:Losch.Installer.LinFile.InstallerPage">
            <summary>
            A page of an installation process.
            </summary>
        </member>
        <member name="P:Losch.Installer.LinFile.InstallerPage.Id">
            <summary>
            The unique identifier of the page.
            </summary>
        </member>
        <member name="P:Losch.Installer.LinFile.InstallerPage.Cases">
            <summary>
            Cases for conditional pages.
            </summary>
        </member>
        <member name="P:Losch.Installer.LinFile.InstallerPage.Behaviors">
            <summary>
            The behaviors to be run for this page.
            </summary>
        </member>
        <member name="T:Losch.Installer.LinFile.DefaultPage">
            <summary>
            A default page included in the Losch Installer runtime.
            </summary>
        </member>
        <member name="T:Losch.Installer.LinFile.CustomPage">
            <summary>
            A user-defined custom page.
            </summary>
        </member>
        <member name="T:Losch.Installer.LinFile.InstallationProcedure">
            <summary>
            The most important step of the installation procedure; the page that shows while the actual installation is in progress.
            </summary>
        </member>
        <member name="T:Losch.Installer.LinFile.LinException">
            <summary>
            Exception thrown when a LIN file is invalid.
            </summary>
        </member>
        <member name="M:Losch.Installer.LinFile.LinException.#ctor">
            <summary>
            Initializes a new instance of the <see cref="T:Losch.Installer.LinFile.LinException"/> type.
            </summary>
        </member>
        <member name="M:Losch.Installer.LinFile.LinException.#ctor(System.String)">
            <summary>
            Initializes a new instance of the <see cref="T:Losch.Installer.LinFile.LinException"/> type.
            </summary>
            <param name="message">The exception message.</param>
        </member>
        <member name="M:Losch.Installer.LinFile.LinException.#ctor(System.String,System.Exception)">
            <summary>
            Initializes a new instance of the <see cref="T:Losch.Installer.LinFile.LinException"/> type.
            </summary>
            <param name="message">The exception message.</param>
            <param name="inner">The inner exception.</param>
        </member>
        <member name="T:Losch.Installer.LinFile.LinReader">
            <summary>
            Provides utilities for reading LIN files.
            </summary>
        </member>
        <member name="M:Losch.Installer.LinFile.LinReader.#ctor(System.String)">
            <summary>
            Initializes a new instance of the <see cref="T:Losch.Installer.LinFile.LinReader"/> type.
            </summary>
            <param name="linFile">The path to the LIN file to read.</param>
        </member>
        <member name="P:Losch.Installer.LinFile.LinReader.LinFile">
            <summary>
            The current LIN file.
            </summary>
        </member>
        <member name="M:Losch.Installer.LinFile.LinReader.GetManifest">
            <summary>
            Extracts the manifest from the installer file.
            </summary>
            <returns>Returns an <see cref="T:Losch.Installer.LinFile.InstallerManifest"/> object corresponding to the manifset of the LIN file.</returns>
            <exception cref="T:Losch.Installer.LinFile.LinException"></exception>
        </member>
        <member name="M:Losch.Installer.LinFile.LinReader.GetRawFiles">
            <summary>
            Retrieves the raw file data from the installer.
            </summary>
            <returns>A list of tuples containing the file name and bytes of the file.</returns>
        </member>
        <member name="M:Losch.Installer.LinFile.LinReader.GetCustomPages">
            <summary>
            Retrieves all custom pages from the installer.
            </summary>
            <returns>A list of WPF pages.</returns>
            <exception cref="T:Losch.Installer.LinFile.LinException"></exception>
        </member>
        <member name="M:Losch.Installer.LinFile.LinReader.GetStrings">
            <summary>
            Gets all strings for installer pages.
            </summary>
            <returns>A list of tuples containing the language info and a <see cref="T:System.Windows.ResourceDictionary"/> containing the strings themselves.</returns>
            <exception cref="T:Losch.Installer.LinFile.LinException"></exception>
        </member>
        <member name="M:Losch.Installer.LinFile.LinReader.GetCustomObjects">
            <summary>
            Gets all data objects associated with the installer.
            </summary>
            <returns>A list of <see cref="T:Losch.Installer.LinFile.DataObject"/> elements.</returns>
        </member>
        <member name="M:Losch.Installer.LinFile.LinReader.GetBehaviors">
            <summary>
            Gets all behaviors associated with the installer.
            </summary>
            <returns>A list of behaviors.</returns>
        </member>
        <member name="M:Losch.Installer.LinFile.LinReader.GetEventContainers">
            <summary>
            Gets all event containers, which are objects that contain event handlers for installer pages.
            </summary>
            <returns>A list of event containers for the current installer.</returns>
        </member>
        <member name="T:Losch.Installer.LinFile.Package">
            <summary>
            Represents an installer package.
            </summary>
        </member>
        <member name="P:Losch.Installer.LinFile.Package.UniqueId">
            <summary>
            The ID of the package.
            </summary>
        </member>
        <member name="T:Losch.Installer.Markup.DataBindingExtension">
            <summary>
            A markup extension to bind to data objects.
            </summary>
        </member>
        <member name="P:Losch.Installer.Markup.DataBindingExtension.ObjectName">
            <summary>
            The name of the data object to bind to.
            </summary>
        </member>
        <member name="M:Losch.Installer.Markup.DataBindingExtension.#ctor(System.String)">
            <summary>
            Creates a new instance of the <see cref="T:Losch.Installer.Markup.DataBindingExtension"/> type with the specified data object name.
            </summary>
            <param name="objectName">The name of the data object.</param>
        </member>
        <member name="M:Losch.Installer.Markup.DataBindingExtension.#ctor">
            <summary>
            Creates a new instance of the <see cref="T:Losch.Installer.Markup.DataBindingExtension"/> type.
            </summary>
        </member>
        <member name="M:Losch.Installer.Markup.DataBindingExtension.ProvideValue(System.IServiceProvider)">
            <summary>
            Evaluates the binding.
            </summary>
            <param name="serviceProvider"></param>
            <returns>The value of the data object corresponding to the name specified in <see cref="P:Losch.Installer.Markup.DataBindingExtension.ObjectName"/>.</returns>
        </member>
        <member name="T:Losch.Installer.Markup.DataObjectExtension">
            <summary>
            Markup extension for accessing object values inside of an installer page.
            </summary>
        </member>
        <member name="P:Losch.Installer.Markup.DataObjectExtension.Name">
            <summary>
            The name of the data object.
            </summary>
        </member>
        <member name="M:Losch.Installer.Markup.DataObjectExtension.#ctor(System.String)">
            <summary>
            Initializes a new instance of the <see cref="T:Losch.Installer.Markup.DataObjectExtension"/> type with an object name.
            </summary>
            <param name="name">The name of the object.</param>
        </member>
        <member name="M:Losch.Installer.Markup.DataObjectExtension.#ctor">
            <summary>
            Initializes a new instance of the <see cref="T:Losch.Installer.Markup.DataObjectExtension"/> type.
            </summary>
        </member>
        <member name="M:Losch.Installer.Markup.DataObjectExtension.ProvideValue(System.IServiceProvider)">
            <summary>
            Retrieves the value corresponding to the specified data object.
            </summary>
            <param name="serviceProvider"></param>
            <returns>The value corresponding to the specified data object.</returns>
        </member>
        <member name="T:Losch.Installer.Markup.StringExtension">
            <summary>
            A markup extension to access installer strings inside of a custom page.
            </summary>
        </member>
        <member name="P:Losch.Installer.Markup.StringExtension.Id">
            <summary>
            The ID of the string to retrieve.
            </summary>
        </member>
        <member name="P:Losch.Installer.Markup.StringExtension.FallbackValue">
            <summary>
            The fallback value if the string couldn't be found.
            </summary>
        </member>
        <member name="M:Losch.Installer.Markup.StringExtension.#ctor(System.String)">
            <summary>
            Initializes a new instance of the <see cref="T:Losch.Installer.Markup.StringExtension"/> type.
            </summary>
            <param name="id">The ID of the string to retrieve.</param>
        </member>
        <member name="M:Losch.Installer.Markup.StringExtension.#ctor">
            <summary>
            Initializes a new instance of the <see cref="T:Losch.Installer.Markup.StringExtension"/> type.
            </summary>
        </member>
        <member name="M:Losch.Installer.Markup.StringExtension.ProvideValue(System.IServiceProvider)">
            <summary>
            Retrieves the string value corresponding to the string with the specified ID.
            </summary>
            <param name="serviceProvider"></param>
            <returns>The string value corresponding to the string with the specified ID.</returns>
        </member>
        <member name="T:Losch.Installer.Markup.ToStringExtension">
            <summary>
            A markup extension to convert any object to a string.
            </summary>
        </member>
        <member name="P:Losch.Installer.Markup.ToStringExtension.Value">
            <summary>
            The value to convert.
            </summary>
        </member>
        <member name="M:Losch.Installer.Markup.ToStringExtension.#ctor(System.Object)">
            <summary>
            Initializes a new instance of the <see cref="T:Losch.Installer.Markup.ToStringExtension"/> type with the value to convert.
            </summary>
            <param name="value">The name of the object.</param>
        </member>
        <member name="M:Losch.Installer.Markup.ToStringExtension.#ctor">
            <summary>
            Initializes a new instance of the <see cref="T:Losch.Installer.Markup.ToStringExtension"/> type.
            </summary>
        </member>
        <member name="M:Losch.Installer.Markup.ToStringExtension.ProvideValue(System.IServiceProvider)">
            <summary>
            Converts the specified value to a string.
            </summary>
            <param name="serviceProvider"></param>
            <returns>The converted string.</returns>
        </member>
    </members>
</doc>
